<?xml version="1.0" encoding="UTF-8"?>
<project-private xmlns="http://www.netbeans.org/ns/project-private/1">
    <editor-bookmarks xmlns="http://www.netbeans.org/ns/editor-bookmarks/2" lastBookmarkId="0"/>
    <open-files xmlns="http://www.netbeans.org/ns/projectui-open-files/2">
        <group>
            <file>file:/C:/xampp/htdocs/C273/C273_L05StoryTeller/3_carousels.html</file>
            <file>file:/C:/xampp/htdocs/C273/C273_L05StoryTeller/garenaMainPage.html</file>
            <file>file:/C:/xampp/htdocs/C273/C273_L05StoryTeller/garenaSupport.html</file>
            <file>file:/C:/xampp/htdocs/C273/C273_L05StoryTeller/doGarenaSupport.php</file>
        </group>
    </open-files>
</project-private>
